-- phpMyAdmin SQL Dump
-- version 4.9.7
-- https://www.phpmyadmin.net/
--
-- Host: localhost:3306
-- Generation Time: Jan 19, 2022 at 08:05 AM
-- Server version: 5.7.23-23
-- PHP Version: 7.3.32

SET SQL_MODE = "NO_AUTO_VALUE_ON_ZERO";
SET AUTOCOMMIT = 0;
START TRANSACTION;
SET time_zone = "+00:00";


/*!40101 SET @OLD_CHARACTER_SET_CLIENT=@@CHARACTER_SET_CLIENT */;
/*!40101 SET @OLD_CHARACTER_SET_RESULTS=@@CHARACTER_SET_RESULTS */;
/*!40101 SET @OLD_COLLATION_CONNECTION=@@COLLATION_CONNECTION */;
/*!40101 SET NAMES utf8mb4 */;

--
-- Database: `uciyyzmy_survey_db`
--

-- --------------------------------------------------------

--
-- Table structure for table `answers`
--

CREATE TABLE `answers` (
  `id` varchar(20) NOT NULL,
  `question_id` varchar(20) NOT NULL,
  `answer` text NOT NULL,
  `choice` varchar(1) NOT NULL,
  `needs_recommendation` tinyint(1) NOT NULL
) ENGINE=InnoDB DEFAULT CHARSET=latin1;

--
-- Dumping data for table `answers`
--

INSERT INTO `answers` (`id`, `question_id`, `answer`, `choice`, `needs_recommendation`) VALUES
('1', '18', 'Not Applicable.', 'D', 0),
('2', '10', 'Hand washing units are mostly not available or very insufficient.', 'C', 1),
('3', '5', 'The designation and opening hours are clearly displayed and reflect the services the facility offer.', 'A', 0),
('4', '15', 'There are adequate colour-coded bins and bags in all areas where necessary.', 'A', 0),
('5', '20', 'Other arranged transportation, e.g. commercial vehicles (taxis) is used and this is reliable.', 'B', 1),
('6', '9', 'I have no written IPC program in place and there are significant gaps in our IPC practices.', 'C', 1),
('7', '19', 'There is no system in place.', 'C', 1),
('8', '10', 'Hand washing units are available but either soap or hand towels are not adequate or some relevant units do not have the facilities.', 'B', 1),
('9', '20', 'There is a well-equipped ambulance or active contacts list for other ambulance services.', 'A', 0),
('10', '16', 'The SOPs available are not adequate but staff generally know what to do and mostly do them correctly.', 'B', 1),
('11', '18', 'I have a clean store room which is secured, well organized and the temperature is monitored regularly.', 'A', 0),
('12', '17', 'There is a functional autoclave and autoclaving paper and sterility tapes are available.', 'A', 0),
('13', '11', 'Hand washing posters and guidelines are not available.', 'C', 1),
('14', '22', 'There are standardized referral forms which are filled and signed, and an up to date referral register.', 'A', 0),
('15', '2', 'Privacy is ensured in all areas.', 'A', 0),
('16', '8', 'There is limited or no secured storage and no restriction of access to patients\' records.', 'C', 1),
('17', '14', 'Sanitary facilities are sufficient, clean and in working order and cleaning schedules/logs are implemented.', 'A', 0),
('18', '14', 'Sanitary facilities are sufficient and clean but there is no cleaning schedule or some of the facilities were not functioning well.', 'B', 1),
('19', '8', 'Patients\' records storage is mostly safe, secured but levels of access have not been defined.', 'B', 1),
('20', '22', 'Forms are filled and signed and kept on file but there is no referral register.', 'B', 1),
('21', '22', 'There is no standardized referral form.', 'C', 1),
('22', '21', 'There is no list of referral facilities.', 'C', 1),
('23', '8', 'Patients\' records storage is safe, secure and accessible to only authorized personnel.', 'A', 0),
('24', '7', 'I have an effective (electronic or manual) system in place and information is adequately managed.', 'A', 0),
('25', '13', 'I have a protocol to be followed by staff in case of exposure but no guidelines on how to access PEP or persons to report to.', 'B', 1),
('26', '2', 'Most areas offer adequate privacy (at least 3 of the above areas).', 'B', 1),
('27', '11', 'Posters are displayed at relevant locations to remind staffs and patients and there are hand washing guidelines to aid appropriate handwashing at all units.', 'A', 0),
('28', '5', 'Neither of them is displayed or they are largely not a reflection of the services offered.', 'C', 1),
('29', '19', 'There is an inventory management system which is up to date.', 'A', 0),
('30', '9', 'I do not have written IPC program; some documented procedures and IPC practices are in place but no monitoring system is in place.', 'B', 1),
('31', '2', 'Privacy is not ensured in most areas.', 'C', 1),
('32', '20', 'Not Applicable.', 'D', 0),
('33', '18', 'There is a storeroom but not well organized, clean or temperature is not monitored.', 'B', 1),
('34', '3', 'There is no patient education plan and a record is not kept of patient educations done.', 'C', 1),
('35', '11', 'Either poster for reminders or hand washing guideline are available, or both are available but at limited locations.', 'B', 1),
('36', '6', 'All units/departments in the facility are labelled and directional signs are provided.', 'A', 0),
('37', '6', 'The units are not labelled or some of the labels are wrong.', 'C', 1),
('38', '19', 'There is an inventory management system but records are not well kept.', 'B', 1),
('39', '16', 'There is no SOPs and significant gaps exist.', 'C', 1),
('40', '22', 'Not Applicable.', 'D', 0),
('41', '20', 'There is no clearly defined process of transporting patients.', 'C', 1),
('42', '17', 'There is a functional autoclave but either the equipment does not meet the facility\'s sterilization needs or autoclaving materials are not available.', 'B', 1),
('43', '21', 'There is a list of referral facilities but there are no contacts and arrangement/ arrangement exist for few services.', 'B', 1),
('44', '6', 'The units or departments are labelled but directions are not available or labelling and directional signs are in place but not adequately done.', 'B', 1),
('45', '12', 'PPEs are available but there is no guideline for their use or staff use them incorrectly or staff do not use them most times.', 'B', 1),
('46', '15', 'Waste bins are adequately available but not colour coded.', 'B', 1),
('47', '13', 'There are no PEP guidelines.', 'C', 1),
('48', '18', 'There is no dedicated storeroom or it is not secured.', 'C', 1),
('49', '12', 'PPEs are not available or PPEs are not adequate', 'C', 1),
('50', '3', 'I have a written plan or schedule for patient education and records of education provided are available.', 'A', 0),
('51', '7', 'I have no effective system in place.', 'C', 1),
('52', '1', 'I have patient rights charter on display at vantage points and implement policies that ensure patient and family rights are adequately recognized in our operations.', 'A', 0),
('53', '1', 'I have no patient\'s rights charter at all.', 'C', 1),
('54', '4', 'Education materials which are easily readable are adequately displayed in a language/format understood by most clients.', 'A', 0),
('55', '4', 'Education materials are not available or those displayed are insufficient.', 'C', 1),
('56', '16', 'There are SOPs describing these procedures. Staff understand and follow them correctly and sterility checks are recorded.', 'A', 0),
('57', '3', 'I have a written plan or schedule for patient education but no records of education provided or vice-versa', 'B', 1),
('58', '10', 'Hand washing units are available with sufficient soap, hand towels and hand sanitizers.', 'A', 0),
('59', '15', 'Waste bins are not adequate.', 'C', 1),
('60', '4', 'Not Applicable.', 'D', 0),
('61', '3', 'Not Applicable.', 'D', 0),
('62', '21', 'My facility has an established arrangement/ contacts for referral of all services and I have an up to date list of referral facilities and their contact details.', 'A', 0),
('63', '12', 'Sufficient PPEs are available. There are guidelines for their use and staff use them correctly all the time.', 'A', 0),
('64', '14', 'Sanitary facilities are mostly not clean.', 'C', 1),
('65', '4', 'Education materials are displayed but not clear and not understood by most clients.', 'B', 1),
('66', '13', 'I have a protocol to be followed by staff in case of exposure and guidelines on how to access PEP as well as a list of persons to report to.', 'A', 0),
('67', '17', 'Not Applicable.', 'D', 0),
('68', '1', 'I have patient rights charter on display, at least at one point but I have no policy guiding how it is integrated into our operations.', 'B', 1),
('69', '7', 'Not Applicable.', 'D', 0),
('70', '21', 'Not Applicable.', 'D', 0),
('71', '17', 'There is no functional autoclave.', 'C', 1),
('72', '7', 'I have a system for collecting and aggregating data but not in a timely manner or the data collected is not analyzed into useful information.', 'B', 1),
('73', '5', 'The designation is displayed but opening hours or the services provided are not displayed or vice versa.', 'B', 1),
('74', '9', 'I have written infection prevention and control (IPC) program with policies and procedures, my staff is aware of the various infection control measures, and adherence is monitored and recorded.', 'A', 0);

-- --------------------------------------------------------

--
-- Table structure for table `login_details`
--

CREATE TABLE `login_details` (
  `login_id` varchar(15) NOT NULL,
  `user_name` varchar(255) NOT NULL,
  `login_date_time` bigint(15) NOT NULL,
  `logout_date_time` bigint(15) NOT NULL
) ENGINE=InnoDB DEFAULT CHARSET=latin1;

--
-- Dumping data for table `login_details`
--

INSERT INTO `login_details` (`login_id`, `user_name`, `login_date_time`, `logout_date_time`) VALUES
('logID_0vMDMaZtC', 'Bonifacia Agyei', 1562252689, 0),
('logID_129Ct7PQO', 'Bonifacia Agyei', 1561996069, 0),
('logID_14yXtszGu', 'Admin', 1561714824, 1561715124),
('logID_1BvcGfv8Q', 'Admin', 1585324206, 1585325647),
('logID_1RPTrlQ8L', 'Gabriel Fiadorme', 1582477601, 0),
('logID_1UcqaeAhw', 'Gabriel Fiadorme', 1581322897, 0),
('logID_1xYor9NcJ', 'Admin', 1586881456, 1586882899),
('logID_2cjxaz4a5', 'Bonifacia Agyei', 1562764485, 1562775396),
('logID_3r4d0Hj5g', 'Gabriel Fiadorme', 1582721121, 1582731179),
('logID_3S23qqE61', 'Admin', 1562252180, 1562252699),
('logID_4iCnZcifS', 'Bonifacia Agyei', 1563794932, 1563794942),
('logID_4XX16ykGJ', 'Gabriel Fiadorme', 1575343877, 0),
('logID_51tPGdExf', 'Bonifacia', 1642603946, 0),
('logID_5IU26vFIp', 'Bonifacia Agyei', 1562570479, 0),
('logID_5TM5cksrt', 'Gabriel Fiadorme', 1586961994, 1586964353),
('logID_62NqqKmEz', 'Bonifacia Agyei', 1563435731, 1563435820),
('logID_6JbgcbC9I', 'Bonifacia Agyei', 1563435606, 1563435728),
('logID_6lXuERhgd', 'Bonifacia Agyei', 1571390604, 0),
('logID_6PoEZLjVq', 'Gabriel Fiadorme', 1586957420, 1586957435),
('logID_77DCGnCIQ', 'Admin', 1562595548, 1562597594),
('logID_7IvZbQOk4', 'Admin', 1563901683, 1563901691),
('logID_7VHb4PSmV', 'Bonifacia Agyei', 1563435477, 1563435777),
('logID_8SUSgRFyF', 'Gabriel Fiadorme', 1591785879, 1591787325),
('logID_98Zo8DI8v', 'Gabriel Fiadorme', 1591696145, 0),
('logID_9Lc80GIvC', 'Admin', 1561996008, 1561997488),
('logID_9Rpga6fdi', 'Bonifacia Agyei', 1568126576, 0),
('logID_9SxWxgmtp', 'Gabriel Fiadorme', 1563436772, 1563436793),
('logID_AC3C1xV5o', 'Gabriel Fiadorme', 1575994985, 0),
('logID_aiwEugtC8', 'Bonifacia Agyei', 1568114682, 0),
('logID_anLc0p4oM', 'Admin', 1564051635, 1564055191),
('logID_aUbRnFS4A', 'Gabriel Fiadorme', 1581675618, 0),
('logID_AZGnx0AAN', 'Gabriel Fiadorme', 1591872555, 1591874001),
('logID_b8SpZP72P', 'Bonifacia Agyei', 1561823138, 0),
('logID_BEMEgpiC3', 'Admin', 1562147060, 1562148987),
('logID_BhCE6obAi', 'Gabriel Fiadorme', 1613470018, 0),
('logID_bkRkTYlTm', 'Gabriel Fiadorme', 1595147243, 1595148685),
('logID_BPUaTIE0l', 'Admin', 1562073954, 0),
('logID_cbwg5hstV', 'Admin', 1612385064, 1612385264),
('logID_cEVNcVDL1', 'Admin', 1561999097, 1562000478),
('logID_CHiebcgRG', 'Admin', 1588545840, 1588546131),
('logID_cInB2xmKf', 'Bonifacia Agyei', 1562000497, 1562001809),
('logID_cJHcMB8l5', 'Admin', 1563436541, 1563436753),
('logID_cKVzCWwbV', 'Admin', 1561830565, 1561831378),
('logID_CMRxwh4dq', 'Bonifacia Agyei', 1562607149, 1562618511),
('logID_cQEkTlHjF', 'Admin', 1561918397, 1561919930),
('logID_cSKll9hoa', 'Admin', 1561648390, 1561650578),
('logID_cwmNtmXln', 'Bonifacia Agyei', 1562955115, 1562955122),
('logID_CwyOtGklD', 'Gabriel Fiadorme', 1586957316, 1586957399),
('logID_d8xOyQvnX', 'Admin', 1571944403, 1571945708),
('logID_dCXQGOi1T', 'Admin', 1565112248, 0),
('logID_dkln8t6DV', 'Admin', 1561821039, 1561822623),
('logID_DPH0v1lOm', 'Admin', 1561976430, 1561976518),
('logID_DtP0A0ENB', 'Admin', 1587049062, 1587050508),
('logID_e0Oy2xcc4', 'Admin', 1561976544, 1561976927),
('logID_e1ANig3H7', 'Bonifacia Agyei', 1563443627, 0),
('logID_E2QUHsL4I', 'Admin', 1572521050, 1572527894),
('logID_E34H5KlB8', 'Admin', 1564742585, 1564742731),
('logID_e5zdml4vZ', 'Gabriel Fiadorme', 1598452042, 0),
('logID_e9kfHS6aL', 'Admin', 1586795998, 1586798051),
('logID_EdjU0AQr2', 'Admin', 1561832196, 1561833269),
('logID_EdnVC5LdS', 'Bonifacia Agyei', 1562072543, 1562074078),
('logID_eG3Bq1Hs1', 'Gabriel Fiadorme', 1586451735, 1586453181),
('logID_EHRgaoeiB', 'Gabriel Fiadorme', 1571928052, 0),
('logID_EobU8tvDL', 'Bonifacia Agyei', 1562117872, 0),
('logID_epTW9Jqjk', 'Bonifacia Agyei', 1563435145, 1563435158),
('logID_eTNzKHsbD', 'Bonifacia Agyei', 1561821143, 1561823056),
('logID_fHLEfXUUv', 'Gabriel Fiadorme', 1563443594, 1563443623),
('logID_FJsaOa5pZ', 'Bonifacia Agyei', 1563541443, 1563544490),
('logID_fs1ckQlDs', 'Admin', 1563216577, 1563217462),
('logID_Fyg77KhbZ', 'Bonifacia Agyei', 1562580731, 1562607146),
('logID_fzDKzPL9W', 'Gabriel Fiadorme', 1573145588, 0),
('logID_G8G97W4SR', 'Gabriel Fiadorme', 1588589290, 0),
('logID_gFl02gyPN', 'Admin', 1561831467, 1561832149),
('logID_GGuOjWp92', 'Gabriel Fiadorme', 1574853349, 0),
('logID_gjRu3MO0l', 'Gabriel Fiadorme', 1571994746, 0),
('logID_gkfb2hXwz', 'Admin', 1562168445, 1562170117),
('logID_h5ZLnUtU3', 'Admin', 1579093765, 1579094265),
('logID_h7bcY97j2', 'Gabriel Fiadorme', 1574937048, 0),
('logID_hlaRpw5Bs', 'Admin', 1586877424, 1586878942),
('logID_HWAC10oTr', 'Admin', 1564388290, 0),
('logID_i5GoDgHpI', 'Gabriel Fiadorme', 1586455971, 1586457417),
('logID_iBCNYGkYM', 'Bonifacia Agyei', 1562778483, 1562778550),
('logID_IDoexDLcD', 'Gabriel Fiadorme', 1581579974, 0),
('logID_IUqiMmM4Q', 'Admin', 1562322633, 1562345924),
('logID_j1KCY41MM', 'Admin', 1585056974, 1585089913),
('logID_jeGWoYJYn', 'Admin', 1567754300, 0),
('logID_jGRLIDNst', 'Admin', 1586362484, 1586362977),
('logID_JiCHL4Ece', 'Bonifacia Agyei', 1563435884, 1563439266),
('logID_JPdeNCodD', 'Gabriel Fiadorme', 1613465967, 1613467411),
('logID_JT1rcLgnS', 'Gabriel Fiadorme', 1582731182, 1582746342),
('logID_jxmkdJZ0a', 'Gabriel Fiadorme', 1592477243, 1592478690),
('logID_K594WtjXz', 'Gabriel Fiadorme', 1594389248, 1594390693),
('logID_kIr9CDSD0', 'Gabriel Fiadorme', 1595103495, 0),
('logID_KJiMgQsPO', 'Gabriel Fiadorme', 1594649708, 1594651153),
('logID_KKkKZ1YBJ', 'Bonifacia Agyei', 1562234402, 1562252686),
('logID_kQNzirk0y', 'Bonifacia Agyei', 1563970163, 1564009580),
('logID_lbp5IipFZ', 'Admin', 1585091035, 1585092292),
('logID_lfhoSkUEH', 'Bonifacia Agyei', 1570604105, 0),
('logID_llTUbX4Sa', 'Gabriel Fiadorme', 1582087097, 0),
('logID_LoP4gMVEz', 'Bonifacia Agyei', 1563795027, 1563838478),
('logID_LY4THHRUI', 'Gabriel Fiadorme', 1586945499, 1586946956),
('logID_LZdNobM85', 'Admin', 1582800702, 0),
('logID_m0R3LCUV8', 'Admin', 1561715266, 1561715763),
('logID_n6OwNFSZC', 'Admin', 1569485440, 1569485707),
('logID_nbVznen2b', 'Gabriel Fiadorme', 1591110789, 0),
('logID_NCFtV0Hds', 'Gabriel Fiadorme', 1586969616, 1586971063),
('logID_nmyekNcB3', 'Gabriel Fiadorme', 1587041477, 1587042919),
('logID_nQDXkXtBY', 'Admin', 1567068284, 0),
('logID_nR0Zu3BQi', 'Bonifacia Agyei', 1561994558, 1561996066),
('logID_nUf1CETlC', 'Admin', 1587046071, 1587047512),
('logID_ny85lZMSw', 'Admin', 1561916320, 1561917893),
('logID_O3VuBRu2R', 'Gabriel Fiadorme', 1591609448, 1591618784),
('logID_o7w7WNyN1', 'Gabriel Fiadorme', 1613661549, 0),
('logID_OcDndrl7Q', 'Admin', 1612385405, 1612386464),
('logID_Oh7xUXG5g', 'Bonifacia Agyei', 1562955090, 1562955100),
('logID_OI8qdGoWd', 'Bonifacia Agyei', 1562232583, 1562234397),
('logID_oPiLfBQZE', 'Admin', 1563983189, 1564042243),
('logID_oRzXlGjQv', 'Gabriel Fiadorme', 1573494817, 0),
('logID_OudKfShST', 'Gabriel Fiadorme', 1582746347, 0),
('logID_Oz6YSzOXm', 'Gabriel Fiadorme', 1575885530, 1575970272),
('logID_p0CK3VN3z', 'Admin', 1586957591, 1586959033),
('logID_PCSOBFsxX', 'Bonifacia Agyei', 1563439270, 0),
('logID_PNW8n52pP', 'Gabriel Fiadorme', 1595103497, 1595104939),
('logID_pSu18jn8B', 'Gabriel Fiadorme', 1596019259, 0),
('logID_pSUVuzF2P', 'Admin', 1562765496, 1562765949),
('logID_PwNbfjMM2', 'Gabriel Fiadorme', 1589900898, 1589906103),
('logID_Q04tfUynY', 'Admin', 1561818773, 1561820864),
('logID_qaI6ObGrV', 'Bonifacia Agyei', 1563794869, 1563794891),
('logID_QB6YJjOQj', 'Admin', 1561997497, 1561999087),
('logID_QdTeo7Vma', 'Gabriel Fiadorme', 1592991791, 1592993235),
('logID_qdxk7yFHG', 'Gabriel Fiadorme', 1589872943, 1589874385),
('logID_qHY0I89aZ', 'Admin', 1561650930, 1561666826),
('logID_qPM2veJs9', 'Admin', 1562954926, 1562954956),
('logID_r0TPYrbBx', 'Gabriel Fiadorme', 1566991644, 0),
('logID_r1n01io6D', 'Admin', 1575973277, 1575986105),
('logID_r6d15wT28', 'Admin', 1586886736, 1586888214),
('logID_rObvGWzZp', 'Admin', 1582798853, 1582800687),
('logID_RPVW05U86', 'Gabriel Fiadorme', 1613829963, 1613831407),
('logID_S6865WKwg', 'Admin', 1562014849, 1562015058),
('logID_SCLarr4QN', 'Admin', 1579080157, 1579080376),
('logID_sdSeOFM3D', 'Admin', 1586879776, 1586881220),
('logID_SGRsTCHcC', 'Bonifacia Agyei', 1561955804, 1561994545),
('logID_SNblK76p7', 'admin', 1642603813, 1642603865),
('logID_TCovPNSZn', 'Admin', 1565767999, 0),
('logID_tfLFxPTJN', 'Bonifacia Agyei', 1562074083, 1562080305),
('logID_THnPuxJj9', 'Gabriel Fiadorme', 1591696145, 0),
('logID_tknpctRqI', 'Bonifacia Agyei', 1562954968, 1562954987),
('logID_TLc9elwV0', 'Admin', 1562007940, 1562009466),
('logID_TRpJPPNL7', 'Gabriel Fiadorme', 1574245943, 0),
('logID_TrVRwyppY', 'Admin', 1562144207, 1562146322),
('logID_tz8CkxODY', 'Admin', 1561666847, 1561666907),
('logID_tzJZTKmaY', 'Gabriel Fiadorme', 1572950180, 0),
('logID_U3zodaUQE', 'Bonifacia Agyei', 1563544512, 0),
('logID_U5rzVuyuT', 'Gabriel Fiadorme', 1586893234, 1586943202),
('logID_Ud07i2PZR', 'Admin', 1572512998, 1572513326),
('logID_UDWdkt7lp', 'Admin', 1587050686, 1587051615),
('logID_UpHgszh7J', 'Admin', 1562778434, 1562778457),
('logID_ur3xwVWvA', 'Gabriel Fiadorme', 1586958711, 1586958894),
('logID_UZqmOMUid', 'Gabriel Fiadorme', 1572870705, 1572950163),
('logID_v6p5a8X0R', 'Admin', 1561822640, 1561823429),
('logID_V7Y9nvzGQ', 'Gabriel Fiadorme', 1613468451, 1613469893),
('logID_V9zH9WBo9', 'Admin', 1586884964, 1586886687),
('logID_vl9K6sFfN', 'Admin', 1582796842, 1582798839),
('logID_vlZQvNz8q', 'admin', 1634263237, 1634263617),
('logID_vvNRzSswf', 'Admin', 1562009492, 1562014821),
('logID_vYZXqKj0V', 'Gabriel fiadorme', 1563547342, 0),
('logID_W3FWDwHfC', 'Admin', 1563896114, 1563901665),
('logID_W8BG3eZhY', 'Admin', 1562860314, 1562861181),
('logID_Wge3KS5qt', 'Bonifacia Agyei', 1574351485, 1574352043),
('logID_WjEP5Jo6C', 'Admin', 1561709443, 1561709739),
('logID_Wm1Gwe0WI', 'Bonifacia', 1613050982, 1613052456),
('logID_Wmd3hOk8m', 'Bonifacia Agyei', 1563794019, 1563794841),
('logID_WQnRtSDeE', 'Admin', 1586883101, 1586884545),
('logID_wTAALr8oI', 'Admin', 1561917907, 1561918071),
('logID_wvcEPDMqn', 'Gabriel Fiadorme', 1590944045, 0),
('logID_X3AeXO0H8', 'Gabriel Fiadorme', 1575970281, 0),
('logID_xCijGMYKo', 'Admin', 1575977440, 1575978175),
('logID_xCILmC7fo', 'Gabriel Fiadorme', 1590350576, 0),
('logID_xfqfpqBji', 'Gabriel Fiadorme', 1594642102, 1594643546),
('logID_XGOS8Xk6e', 'Admin', 1561922416, 1561922611),
('logID_xiVNGqQaw', 'Gabriel Fiadorme', 1589898199, 1589899641),
('logID_xiYQR6zje', 'Gabriel Fiadorme', 1586457451, 1586458895),
('logID_xTLYpNV0a', 'Admin', 1562346927, 0),
('logID_Y3fNNThqm', 'Admin', 1617185781, 1617185970),
('logID_YaptB6x4a', 'Admin', 1576845744, 0),
('logID_yfSz1TlYQ', 'Admin', 1564742800, 1564742880),
('logID_yi3ULe7A5', 'Admin', 1561820876, 0),
('logID_YSEMvLBP5', 'Admin', 1577694490, 0),
('logID_ZFWhNLpbV', 'Gabriel Fiadorme', 1595013299, 0),
('logID_zQvmwx9FW', 'Gabriel Fiadorme', 1588328585, 1588330027),
('logID_ZxnOby31e', 'Bonifacia Agyei', 1562764019, 1562764482);

-- --------------------------------------------------------

--
-- Table structure for table `questions`
--

CREATE TABLE `questions` (
  `question_id` varchar(20) NOT NULL,
  `question` text NOT NULL,
  `recommendation` text NOT NULL
) ENGINE=InnoDB DEFAULT CHARSET=latin1;

--
-- Dumping data for table `questions`
--

INSERT INTO `questions` (`id`, `question`, `recommendation`) VALUES
('1', 'Do the practices and operations in your health facility adequately recognize and integrate patient and family rights? Is the patient and family rights charter clearly displayed in your facility?', 'Obtain the patient and family right charter and boldly display at vantage areas in the facility. Document policies on safeguarding patients rights in your operations and educate staff on how to integrate them in their services.'),
('2', 'Does your facility provide adequate privacy in all areas where care is provided, or patient\'s information is taken including initial screening point, consulting rooms, pharmacy, wards, etc?', 'Ensure to provide privacy for patients in all relevant areas. Provide screens and curtains where applicable, re-organize the various units to ensure privacy and ensure consulting and counselling rooms and doors are closed doors when in use.'),
('3', 'Do you have a written plan for patient education and records are kept of the education provided to patients?', 'Develop a schedule to guide patient education in the facility. This should include the dates for the training, specific topics to be treated and the individual taking the training. Keep records of the outcome of the training conducted.'),
('4', 'Do you have health education materials on display in formats understood by patients?', 'Display relevant education materials at relevant units to inform clients. Where necessary ensure these materials are in a language (most spoken local language) or format (pictures) that is understood by patients.'),
('5', 'Have you displayed the designation (Hospital, Clinic, Maternity Home, e.t.c), services provided and the opening hours on site and do these reflect what is done?', 'Design and display a signpost onsite which clearly states the designation of the facility as approved by the Health Facilities Regulatory Agency, the services provided and the opening hours of the facility.'),
('6', 'Have you labelled the various units in your facility and are there directional signs to guide people to the right places?', 'Label the various units and rooms in your facility and display directional signs to guide people to various areas.'),
('7', 'Do you have an effective system for managing health information such that all relevant data in the facility is timely captured, aggregated and regularly analyzed to give the desired information about your operations?', 'Establish an effective (electronic or manual) system to timely capture, aggregate and periodically analyze all relevant data (patients, service, financial, administrative etc.) to obtain meaningful information. Document guidelines to guide staff on how to manage information in your facility.'),
('8', 'Does your patients\' record storage (be it electronic or paper-based) offer adequate confidentiality and safety? Do you have defined levels of access for the various categories of staff?', 'Ensure that patients\' record storage offers adequate safety and security; this includes lockable well-organized storage space for paper records and secured access for electronic records. Ensure that individuals\'(staff) access to patient records are clearly defined and adhered to.'),
('9', 'Do you have written policies and procedures on infection prevention control program (IPC) which guide the staff in implementation?', 'Establish infection prevention and control program with guiding policies and procedures covering all activities relevant to IPC including hand washing; use of personal protective equipment (PPE); handling of patient care equipment and soiled linen; prevention of needle/sharp injuries; management of healthcare waste; sterilization processes; and effective ventilation precautions (to prevent airborne droplets).'),
('10', 'Do you have adequate hand washing facilities available in all relevant areas?', 'Provide hand washing facilities at the OPD areas, consulting rooms, laboratory, and Pharmacy, wards, nurses station all washrooms and ensure an adequate supply of single-use hand towels, soap and running water at all times.'),
('11', 'Do you have posters and guidelines to remind staffs and patients of effective hand washing?', 'Display hand washing guidelines at the hand washing units to facilitate effective hand washing. Also, display at vantage locations posters to remind both staffs and patients to wash their hands.'),
('12', 'Do you have adequate PPE (gloves, gowns, etc.) available for staff at all relevant areas and do they understand and use them correctly?', 'Provide adequate PPE (gloves, gowns, face masks, googles, safety boots etc.) for staffs at all relevant areas; keep adequate inventory on them to ensure constant sufficient availability. Develop guidelines for their use indicating when to use them and how to use them and monitor adherence.'),
('13', 'Do you have a guideline for post-exposure prophylaxis (PEP) which also indicates where and how staff can obtain PEP?', 'Develop a guideline for post-exposure prophylaxis indicating the steps to be followed in an exposure. Include in the guideline, relevant details of individuals to contact or report to, and documentation required in the process.'),
('14', 'Does your facility have clean, functional sanitary facilities (toilets, washrooms, sluice areas etc.) sufficient for both patients and staff?', 'Provide clean and functional toilets and washrooms for both staffs and patients. Establish a cleaning schedule for the cleaning of these areas and ensure cleaning activities are logged by both the cleaner and supervisor.'),
('15', 'Do you have adequate waste bins positioned at all relevant units and use colour-coded bag and bins for proper waste segregation?', 'Procure colour-coded bins and rubber liners/bag for all units in accordance with (inter)national colour coding system. Display guidelines to help in effective segregation of waste at waste generation point through to disposal.'),
('16', 'Do you have an SOP that guides staff in decontaminating, cleaning and sterilization procedures to prevent infections, including how to wrap packs for sterilization and checking sterility of autoclave and packs?', 'Document SOP to guide staff in decontaminating, cleaning and sterilization procedures, including how to wrap packs for sterilization and check sterility of autoclave and packs. Train staff in these and monitor adherence.'),
('17', 'Do you have an autoclave, and other materials for autoclaving (paper and sterility tapes etc.)?', 'Procure an autoclave, autoclaving paper and sterility tapes. Provide guidelines on sterilization and ensure to train staffs on sterilization, the use of autoclaving paper and sterility tapes.'),
('18', 'Do you have a clean, secure and organized storage unit(s) for pharmaceuticals and general products with its temperature monitored?', 'Ensure there is designated space for the storage of medications and medical &amp;amp;amp; general consumables. Provide shelves, lockers and racks where necessary and ensure items are neatly arranged &amp;amp;amp; labelled and space kept clean. Provide a room thermometer and ensure the temperature is monitored and logged daily.'),
('19', 'Do you have an inventory management system i.e. either electronic or paper-based (use of stock cards and registers) which helps in tracking stocks?', 'Establish a mechanism for documenting, monitoring and tracking the use of inventory in the facility. Provide tally cards and inventory registers to be used in inventory management. (Procure electronic inventory management where there is the capacity). Train staff on the inventory system adapted and ensure to document monthly analysis of inventory usage.'),
('20', 'Does your facility have access to ambulance or other officially designated means of transporting patients when an emergency referral is required?', 'Obtain contact details of the national ambulance service or contacts of other private ambulance facilities available in the area. Display these contacts at vantage locations of the facility for use when required. Where Taxis are used, display contacts of at least three reliable drivers with whom the facility has established contracts. Monitor performance on agreement e.g. response time, cleanliness of vehicle.'),
('21', 'Have you established contacts and arrangements with various health facilities/ service providers where you send clients who require all services your facility cannot provide to? Do you have a list of these facilities and their contact details displayed at relevant units?', 'Identify appropriate referral facilities for all relevant services which you would require to refer patients (maternal care, surgery, labs, diagnostics etc.) for services, create an up to date list of all referral facilities contact details. Display list at required units such as emergency unit, consulting rooms, lab etc.&quot;'),
('22', 'Do you maintain records of referrals? Do you fill and sign standardized referral forms with copies kept on patients file and keep referral register with outcomes of referral?', 'Design a standardized referral form for use in the referral of cases. All establish a system to keep records of all referrals made. This document should record details of patient referred, facility referred to, the outcome of referral and all information obtained from contacting the facility and patient.');

-- --------------------------------------------------------

--
-- Table structure for table `recipients`
--

CREATE TABLE `recipients` (
  `recipient_id` varchar(15) NOT NULL,
  `recipient_name` text NOT NULL,
  `recipient_email_address` text NOT NULL,
  `recipient_contact_number` text NOT NULL,
  `recipient_institution` varchar(255) NOT NULL,
  `survey_link` text NOT NULL
) ENGINE=InnoDB DEFAULT CHARSET=latin1;

--
-- Dumping data for table `recipients`
--

INSERT INTO `recipients` (`id`, `name`, `email`, `contact_number`, `institution`, `survey_link`) VALUES
('1', 'Mr. Bernard Darkwa', 'kmc.bernarddarkwa@gmail.com', '0240808008', 'Kotoku Medical Centre', 'https://www.mybqualityscansafecaregh.com/survey.php?id=1&amp;sid=38&amp;mid=kmc.bernarddarkwa@gmail.com'),
('2', 'Araba Kakra Biney', 'arabakakra2015@gmail.com', '0244750385', 'Advance Healthcare Limited', 'https://www.mybqualityscansafecaregh.com/survey.php?id=2&amp;sid=8&amp;mid=arabakakra2015@gmail.com'),
('3', 'Dr. Seth Oppong', 'annorasarememorialclinic2016@gmail.com', '0206301818', 'Annor-Asare Memorial Clinic', 'https://www.mybqualityscansafecaregh.com/survey.php?id=3&amp;sid=1&amp;mid=annorasarememorialclinic2016@gmail.com'),
('4', 'Dr. Bismark Baggio Amarh Ashitey', 'prolifemedicalcentre@gmail.com', '0266272281', 'Pro-Life Medical Centre', 'https://www.mybqualityscansafecaregh.com/survey.php?id=4&amp;sid=3&amp;mid=prolifemedicalcentre@gmail.com'),
('5', 'Osei Owusu Amankwaa', 'summerfieldmedicalcentre@gmail.com', '0552569585', 'Summerfield Medical Centre', 'https://www.mybqualityscansafecaregh.com/survey.php?id=5&amp;sid=20&amp;mid=summerfieldmedicalcentre@gmail.com'),
('6', 'Dr. Luitgard Darko', 'egon.german.clinic@gmail.com', '0244218238', 'Egon German Clinic Limited', 'https://www.mybqualityscansafecaregh.com/survey.php?id=6&amp;sid=9&amp;mid=egon.german.clinic@gmail.com'),
('7', 'Dr. Martin Morna', 'oaktreemedicalservices4@gmail.com', '0505785086', 'Oak Tree Medical Services2', 'https://www.mybqualityscansafecaregh.com/survey.php?id=7&amp;sid=14&amp;mid=oaktreemedicalservices4@gmail.com'),
('8', 'Bertha Azuma Kanton', 'newlightclinic@yahoo.com', '0247089537', 'New Light Clinic', 'https://www.mybqualityscansafecaregh.com/survey.php?id=8&amp;sid=30&amp;mid=newlightclinic@yahoo.com'),
('9', 'Mr. Emmanuel Acheampong', 'twumasiwaamemorialhospital@yahoo.com', '0202515508', 'Twumasiwaa Medical Centre', 'https://www.mybqualityscansafecaregh.com/survey.php?id=9&amp;sid=12&amp;mid=twumasiwaamemorialhospital@yahoo.com'),
('10', 'Dr. Simon Saku', 'sakusimon60@gmail.com', '0243177061', 'Emil Hospital', 'https://www.mybqualityscansafecaregh.com/survey.php?id=10&amp;sid=25&amp;mid=sakusimon60@gmail.com'),
('11', 'Dr. Bismark Baggio Amarh Ashitey', 'prolifemedicalcentre@gmail.com', '0266272281', 'Pro-Life Medical Centre', 'https://www.mybqualityscansafecaregh.com/survey.php?id=11&amp;sid=34&amp;mid=prolifemedcenter@outlook.com'),
('12', 'Joseph Oppong', 'oppongjoseph2000@gmail.com', '0245422995', 'Mamudu Health Centre', 'https://www.mybqualityscansafecaregh.com/survey.php?id=12&amp;sid=21&amp;mid=oppongjoseph2000@gmail.com'),
('13', 'Dr. Gifty Quarshie-Ngissah', 'midwayclinic14@gmail.com', '0206301543', 'Midway Clinic Ltd', 'https://www.mybqualityscansafecaregh.com/survey.php?id=13&amp;sid=35&amp;mid=midwayclinic14@gmail.com'),
('14', 'Theresa Boakye-Poku', 'theresa.boakye-poku@mariestopes.org.gh', '0208234215', 'MSIG', 'https://www.mybqualityscansafecaregh.com/survey.php?id=14&amp;sid=22&amp;mid=theresa.boakye-poku@mariestopes.org.gh'),
('15', 'Dr. Martin Morna', 'drmorna@yahoo.com', '0505785086', 'Oak Tree Medical Services', 'https://www.mybqualityscansafecaregh.com/survey.php?id=15&amp;sid=29&amp;mid=ps.amero6@gmail.com'),
('16', 'Dr. Kwaku G. Amoa-Gyarteng', 'gyartengkwaku@gmail.com', '0243182200', 'Constant Hospital', 'https://www.mybqualityscansafecaregh.com/survey.php?id=16&amp;sid=33&amp;mid=gyartengkwaku@gmail.com'),
('17', 'Bonifacia B A', 'agyeibony@yahoo.com', '0208158544', 'BAB\' MC', 'https://www.mybqualityscansafecaregh.com/survey.php?id=17&amp;sid=16&amp;mid=agyeibony@yahoo.com'),
('18', 'Mr. Abdulai Abdel Kadiri', 'missahaku019@gmail.com', '0209655880', 'Hajj Abdul Kadiris\'s Scientific Clinic Limited', 'https://www.mybqualityscansafecaregh.com/survey.php?id=18&amp;sid=39&amp;mid=missahaku019@gmail.com'),
('19', 'Jerry Larbi', 'jerrylabik@yahoo.com', '0249429799', 'CKC Medical Services', 'https://www.mybqualityscansafecaregh.com/survey.php?id=19&amp;sid=15&amp;mid=jerrylabik@yahoo.com'),
('20', 'Phylicia A', 'p.adjei@medicalcreditfund.org', '0246789616', 'NHIA/PAIG', 'https://www.mybqualityscansafecaregh.com/survey.php?id=20&amp;sid=6&amp;mid=p.adjei@medicalcreditfund.org'),
('21', 'Dr. Bart Nana Biney', 'bartbiney@hotmail.com', '0268284675', 'Irene Jones-Nelson Memorial Clinic', 'https://www.mybqualityscansafecaregh.com/survey.php?id=21&amp;sid=23&amp;mid=bartbiney@hotmail.com'),
('22', 'Dr. Ebow Daniels', 'admin@solismedicalcentre.com', '0244980299', 'Solis Medical Centre', 'https://www.mybqualityscansafecaregh.com/survey.php?id=22&amp;sid=7&amp;mid=admin@solismedicalcentre.com'),
('23', 'Dr. Eric Amakpa', 'ericyaoa@icloud.com', '0208187414', 'Ho Royal Hospital', 'https://www.mybqualityscansafecaregh.com/survey.php?id=23&amp;sid=26&amp;mid=ericyaoa@icloud.com'),
('24', 'Dr. Simon Saku', 'sakusimon60@gmail.com', '0243177061', 'Emil Hospital', 'https://www.mybqualityscansafecaregh.com/survey.php?id=24&amp;sid=4&amp;mid=sakkgh@yahoo.com'),
('25', 'Patricia Quainoo', 'rosalineedudjan@gmail.com', '020 493 8995', 'Possible Health Services', 'https://www.mybqualityscansafecaregh.com/survey.php?id=25&amp;sid=28&amp;mid=rosalineedudjan@gmail.com'),
('26', 'Dr.Edwin Yenli', 'mwintyus@yahoo.com', '0208162506', 'TM Erasung Limited', 'https://www.mybqualityscansafecaregh.com/survey.php?id=26&amp;sid=2&amp;mid=mwintyus@yahoo.com'),
('27', 'Rosaline Edudjan', 'rosalineedudjan@gmail.com', '020 493 8995', 'Possible Health Services', 'https://www.mybqualityscansafecaregh.com/survey.php?id=27&amp;sid=17&amp;mid=rosalineedudjan@gmail.com'),
('28', 'Tabi Jones', 'tabitimbers@yahoo.com', '0244267260', 'Stewards Hospital and Mortuary Services', 'https://www.mybqualityscansafecaregh.com/survey.php?id=28&amp;sid=5&amp;mid=tabitimbers@yahoo.com'),
('29', 'Mr. Foster Kwadwo  Adjei Korang', 'berekumhappyhospital@yahoo.com', '0203803648', 'Happy Hospital', 'https://www.mybqualityscansafecaregh.com/survey.php?id=29&amp;sid=19&amp;mid=berekumhappyhospital@yahoo.com'),
('30', 'Charles Attram', 'c.attram@medicalcreditfund.org', '0244428973', 'Charles Attram Medical Centre', 'https://www.mybqualityscansafecaregh.com/survey.php?id=30&amp;sid=27&amp;mid=c.attram@medicalcreditfund.org'),
('31', 'Ramatu Braimah', 'fch03.12@yahoo.com', '0243220532', 'Fuo Community Hospital', 'https://www.mybqualityscansafecaregh.com/survey.php?id=31&amp;sid=24&amp;mid=fch03.12@yahoo.com'),
('32', 'Dr. Jonah Amoah', 'jonah.amoah@gmail.com', '0262137339', 'Divine Lillies Hospital', 'https://www.mybqualityscansafecaregh.com/survey.php?id=32&amp;sid=11&amp;mid=jonah.amoah@gmail.com'),
('33', 'Elorm Ahadome', 'elorm.ahadome@mariestopes.org.gh', '0244938364', 'DL Hospital', 'https://www.mybqualityscansafecaregh.com/survey.php?id=33&amp;sid=36&amp;mid=elorm.ahadome@mariestopes.org.gh'),
('34', 'Elorm Ahadome', 'elorm.ahadome@mariestopes.org.gh', '0244938364', 'MSIG', 'https://www.mybqualityscansafecaregh.com/survey.php?id=34&amp;sid=13&amp;mid=elorm.ahadome@mariestopes.org.gh');

-- --------------------------------------------------------

--
-- Table structure for table `responses`
--

CREATE TABLE `responses` (
  `response_ID` varchar(20) NOT NULL,
  `question_id` varchar(20) NOT NULL,
  `id` varchar(20) NOT NULL,
  `recipient_ID` varchar(20) NOT NULL,
  `survey_ID` varchar(15) NOT NULL
) ENGINE=InnoDB DEFAULT CHARSET=latin1;

--
-- Dumping data for table `responses`
--

INSERT INTO `responses` (`question_id`, `answer_id`, `recipient_id`, `survey_id`) VALUES
( '2', '26', '10', '25'),
( '4', '54', '4', '3'),
( '17', '12', '32', '11'),
( '2', '26', '14', '22'),
( '19', '29', '31', '24'),
( '22', '14', '32', '11'),
( '7', '24', '1', '38'),
( '9', '30', '25', '28'),
( '1', '52', '10', '25'),
( '4', '54', '8', '30'),
( '9', '74', '31', '24'),
( '5', '3', '18', '39'),
( '1', '52', '19', '15'),
( '2', '15', '31', '24'),
( '14', '18', '34', '13'),
( '1', '53', '2', '8'),
( '2', '15', '21', '23'),
( '7', '24', '3', '1'),
( '4', '54', '16', '33'),
( '20', '9', '10', '25'),
( '13', '66', '4', '3'),
( '18', '11', '32', '11'),
( '2', '15', '28', '5'),
( '20', '9', '18', '39'),
( '19', '7', '30', '27'),
( '12', '63', '29', '19'),
( '10', '58', '7', '14'),
( '18', '11', '23', '26'),
( '7', '72', '14', '22'),
( '9', '30', '34', '13'),
( '12', '63', '26', '2'),
( '18', '11', '19', '15'),
( '21', '62', '22', '7'),
( '21', '62', '31', '24'),
( '8', '23', '26', '2'),
( '21', '22', '17', '16'),
( '7', '24', '32', '11'),
( '7', '24', '28', '5'),
( '20', '9', '31', '24'),
( '12', '63', '4', '3'),
( '10', '58', '2', '8'),
( '4', '54', '21', '23'),
( '16', '56', '4', '3'),
( '7', '72', '7', '14'),
( '22', '14', '23', '26'),
( '18', '33', '34', '13'),
( '10', '58', '21', '23'),
( '19', '29', '29', '19'),
( '1', '53', '32', '11'),
( '1', '53', '7', '14'),
( '19', '29', '12', '21'),
( '9', '6', '17', '16'),
( '6', '36', '26', '2'),
( '2', '15', '34', '13'),
( '4', '54', '31', '24'),
( '18', '11', '5', '20'),
( '17', '12', '4', '3'),
( '21', '22', '34', '13'),
( '16', '56', '22', '7'),
( '15', '46', '17', '16'),
( '8', '23', '12', '21'),
( '12', '63', '31', '24'),
( '15', '4', '12', '21'),
( '15', '4', '32', '11'),
( '5', '73', '21', '23'),
( '5', '3', '3', '1'),
( '7', '24', '10', '25'),
( '10', '2', '30', '27'),
( '3', '57', '7', '14'),
( '8', '23', '21', '23'),
( '4', '54', '10', '25'),
( '12', '63', '28', '5'),
( '12', '63', '32', '11'),
( '3', '57', '2', '8'),
( '17', '12', '23', '26'),
( '16', '56', '29', '19'),
( '9', '74', '12', '21'),
( '6', '37', '30', '27'),
( '3', '50', '31', '24'),
( '4', '54', '12', '21'),
( '14', '17', '32', '11'),
( '22', '14', '12', '21'),
( '9', '74', '2', '8'),
( '3', '57', '5', '20'),
( '13', '25', '14', '22'),
( '13', '66', '23', '26'),
( '13', '47', '7', '14'),
( '1', '52', '31', '24'),
( '6', '36', '18', '39'),
( '6', '36', '3', '1'),
( '11', '27', '19', '15'),
( '12', '63', '23', '26'),
( '19', '29', '7', '14'),
( '16', '56', '16', '33'),
( '13', '25', '2', '8'),
( '3', '34', '14', '22'),
( '10', '58', '10', '25'),
( '3', '57', '23', '26'),
( '4', '54', '23', '26'),
( '1', '52', '12', '21'),
( '6', '36', '31', '24'),
( '4', '54', '18', '39'),
( '9', '30', '6', '9'),
( '13', '25', '6', '9'),
( '1', '52', '1', '38'),
( '21', '43', '12', '21'),
( '17', '12', '12', '21'),
( '17', '12', '31', '24'),
( '4', '60', '2', '8'),
( '5', '3', '17', '16'),
( '19', '29', '4', '3'),
( '22', '14', '10', '25'),
( '8', '23', '31', '24'),
( '12', '45', '17', '16'),
( '16', '56', '12', '21'),
( '6', '36', '25', '28'),
( '7', '24', '12', '21'),
( '3', '34', '21', '23'),
( '18', '11', '31', '24'),
( '13', '66', '31', '24'),
( '3', '50', '22', '7'),
( '19', '29', '21', '23'),
( '13', '66', '16', '33'),
( '5', '3', '32', '11'),
( '8', '23', '10', '25'),
( '3', '50', '25', '28'),
( '9', '30', '21', '23'),
( '4', '54', '3', '1'),
( '18', '11', '3', '1'),
( '11', '27', '10', '25'),
( '11', '27', '26', '2'),
( '1', '52', '5', '20'),
( '9', '6', '30', '27'),
( '17', '12', '31', '24'),
( '7', '24', '29', '19'),
( '18', '11', '13', '35'),
( '22', '21', '14', '22'),
( '14', '17', '21', '23'),
( '18', '33', '17', '16'),
( '3', '50', '31', '24'),
( '16', '56', '25', '28'),
( '19', '29', '19', '15'),
( '12', '63', '5', '20'),
( '16', '39', '30', '27'),
( '1', '52', '13', '35'),
( '1', '52', '23', '26'),
( '20', '9', '12', '21'),
( '19', '29', '23', '26'),
( '20', '9', '19', '15'),
( '18', '11', '26', '2'),
( '22', '14', '19', '15'),
( '4', '54', '31', '24'),
( '14', '17', '26', '2'),
( '3', '34', '34', '13'),
( '16', '56', '26', '2'),
( '12', '63', '19', '15'),
( '15', '46', '8', '30'),
( '15', '4', '21', '23'),
( '17', '42', '8', '30'),
( '7', '72', '2', '8'),
( '21', '62', '31', '24'),
( '22', '20', '13', '35'),
( '7', '72', '8', '30'),
( '15', '4', '6', '9'),
( '8', '23', '18', '39'),
( '14', '64', '30', '27'),
( '5', '3', '23', '26'),
( '16', '56', '1', '38'),
( '16', '10', '2', '8'),
( '21', '62', '16', '33'),
( '6', '36', '17', '16'),
( '11', '27', '31', '24'),
( '6', '36', '21', '23'),
( '12', '63', '31', '24'),
( '12', '49', '14', '22'),
( '19', '29', '31', '24'),
( '7', '24', '6', '9'),
( '18', '11', '22', '7'),
( '7', '72', '34', '13'),
( '22', '21', '17', '16'),
( '4', '54', '26', '2'),
( '3', '50', '26', '2'),
( '10', '58', '31', '24'),
( '17', '42', '21', '23'),
( '3', '50', '31', '24'),
( '15', '46', '7', '14'),
( '15', '46', '18', '39'),
( '11', '13', '30', '27'),
( '21', '62', '18', '39'),
( '1', '53', '21', '23'),
( '4', '54', '34', '13'),
( '17', '42', '3', '1'),
( '10', '58', '25', '28'),
( '15', '46', '26', '2'),
( '20', '9', '22', '7'),
( '13', '66', '28', '5'),
( '21', '62', '1', '38'),
( '10', '8', '14', '22'),
( '17', '42', '7', '14'),
( '19', '29', '13', '35'),
( '18', '11', '21', '23'),
( '10', '8', '34', '13'),
( '7', '24', '16', '33'),
( '10', '58', '4', '3'),
( '14', '17', '25', '28'),
( '4', '54', '28', '5'),
( '4', '54', '31', '24'),
( '14', '17', '10', '25'),
( '2', '31', '29', '19'),
( '14', '17', '22', '7'),
( '9', '74', '26', '2'),
( '18', '11', '31', '24'),
( '19', '7', '14', '22'),
( '6', '36', '31', '24'),
( '13', '47', '30', '27'),
( '11', '27', '34', '13'),
( '22', '21', '30', '27'),
( '10', '58', '23', '26'),
( '18', '11', '2', '8'),
( '7', '24', '31', '24'),
( '20', '9', '4', '3'),
( '8', '23', '25', '28'),
( '21', '62', '7', '14'),
( '20', '5', '21', '23'),
( '13', '25', '5', '20'),
( '1', '52', '3', '1'),
( '13', '25', '22', '7'),
( '11', '13', '7', '14'),
( '12', '63', '12', '21'),
( '14', '17', '28', '5'),
( '22', '14', '22', '7'),
( '10', '58', '8', '30'),
( '1', '52', '31', '24'),
( '12', '63', '34', '13'),
( '13', '66', '13', '35'),
( '22', '20', '6', '9'),
( '15', '4', '29', '19'),
( '22', '21', '34', '13'),
( '12', '63', '31', '24'),
( '11', '27', '5', '20'),
( '11', '27', '32', '11'),
( '4', '54', '5', '20'),
( '4', '54', '1', '38'),
( '19', '29', '31', '24'),
( '10', '58', '5', '20'),
( '5', '3', '2', '8'),
( '21', '62', '3', '1'),
( '5', '73', '34', '13'),
( '4', '54', '31', '24'),
( '18', '48', '30', '27'),
( '5', '3', '10', '25'),
( '19', '29', '32', '11'),
( '8', '19', '17', '16'),
( '14', '17', '13', '35'),
( '17', '71', '30', '27'),
( '2', '15', '2', '8'),
( '6', '36', '16', '33'),
( '15', '4', '4', '3'),
( '6', '36', '31', '24'),
( '15', '4', '31', '24'),
( '14', '17', '31', '24'),
( '19', '29', '3', '1'),
( '1', '52', '28', '5'),
( '21', '62', '10', '25'),
( '11', '27', '21', '23'),
( '19', '38', '8', '30'),
( '11', '27', '3', '1'),
( '22', '14', '31', '24'),
( '18', '11', '6', '9'),
( '5', '3', '6', '9'),
( '14', '17', '8', '30'),
( '16', '10', '7', '14'),
( '10', '58', '6', '9'),
( '2', '15', '22', '7'),
( '21', '62', '28', '5'),
( '7', '24', '13', '35'),
( '14', '17', '23', '26'),
( '22', '14', '28', '5'),
( '17', '71', '14', '22'),
( '15', '4', '31', '24'),
( '2', '15', '19', '15'),
( '8', '19', '14', '22'),
( '17', '12', '1', '38'),
( '21', '62', '5', '20'),
( '20', '41', '34', '13'),
( '18', '48', '14', '22'),
( '21', '62', '31', '24'),
( '16', '10', '6', '9'),
( '10', '58', '28', '5'),
( '20', '9', '1', '38'),
( '13', '66', '26', '2'),
( '3', '34', '17', '16'),
( '16', '10', '17', '16'),
( '9', '74', '23', '26'),
( '16', '56', '19', '15'),
( '14', '17', '4', '3'),
( '1', '52', '4', '3'),
( '8', '19', '6', '9'),
( '10', '58', '29', '19'),
( '14', '17', '18', '39'),
( '3', '50', '1', '38'),
( '1', '68', '8', '30'),
( '16', '10', '10', '25'),
( '5', '3', '26', '2'),
( '16', '10', '21', '23'),
( '6', '36', '7', '14'),
( '1', '53', '30', '27'),
( '8', '23', '5', '20'),
( '4', '54', '22', '7'),
( '6', '36', '4', '3'),
( '8', '23', '31', '24'),
( '5', '3', '5', '20'),
( '5', '3', '8', '30'),
( '11', '27', '28', '5'),
( '19', '38', '25', '28'),
( '20', '9', '16', '33'),
( '6', '36', '1', '38'),
( '3', '50', '13', '35'),
( '1', '52', '31', '24'),
( '8', '23', '32', '11'),
( '16', '56', '31', '24'),
( '5', '3', '29', '19'),
( '18', '33', '25', '28'),
( '22', '14', '31', '24'),
( '17', '12', '13', '35'),
( '3', '50', '12', '21'),
( '6', '36', '19', '15'),
( '5', '3', '31', '24'),
( '10', '58', '3', '1'),
( '3', '50', '18', '39'),
( '9', '74', '28', '5'),
( '5', '3', '25', '28'),
( '9', '74', '31', '24'),
( '16', '39', '34', '13'),
( '7', '24', '5', '20'),
( '7', '51', '30', '27'),
( '16', '56', '31', '24'),
( '21', '62', '26', '2'),
( '20', '9', '23', '26'),
( '6', '36', '28', '5'),
( '17', '12', '10', '25'),
( '9', '74', '29', '19'),
( '13', '66', '1', '38'),
( '10', '58', '31', '24'),
( '11', '27', '4', '3'),
( '18', '11', '12', '21'),
( '11', '27', '1', '38'),
( '2', '15', '8', '30'),
( '16', '10', '8', '30'),
( '6', '36', '12', '21'),
( '19', '38', '6', '9'),
( '2', '15', '32', '11'),
( '9', '74', '32', '11'),
( '4', '54', '25', '28'),
( '2', '26', '25', '28'),
( '3', '50', '28', '5'),
( '10', '58', '1', '38'),
( '7', '24', '23', '26'),
( '5', '3', '19', '15'),
( '17', '12', '19', '15'),
( '17', '12', '22', '7'),
( '13', '47', '17', '16'),
( '16', '56', '28', '5'),
( '9', '74', '3', '1'),
( '5', '3', '13', '35'),
( '7', '24', '25', '28'),
( '11', '27', '18', '39'),
( '14', '17', '6', '9'),
( '15', '4', '16', '33'),
( '12', '49', '30', '27'),
( '7', '24', '22', '7'),
( '3', '50', '3', '1'),
( '14', '17', '5', '20'),
( '21', '62', '4', '3'),
( '22', '20', '7', '14'),
( '15', '4', '2', '8'),
( '12', '63', '3', '1'),
( '17', '71', '34', '13'),
( '7', '24', '31', '24'),
( '12', '63', '6', '9'),
( '8', '19', '8', '30'),
( '20', '9', '31', '24'),
( '1', '52', '22', '7'),
( '22', '14', '8', '30'),
( '2', '15', '23', '26'),
( '6', '36', '10', '25'),
( '19', '7', '34', '13'),
( '8', '23', '19', '15'),
( '21', '62', '13', '35'),
( '3', '50', '31', '24'),
( '8', '23', '22', '7'),
( '17', '12', '17', '16'),
( '17', '12', '28', '5'),
( '21', '62', '23', '26'),
( '13', '25', '10', '25'),
( '11', '27', '13', '35'),
( '16', '56', '3', '1'),
( '21', '62', '32', '11'),
( '10', '58', '31', '24'),
( '20', '32', '7', '14'),
( '15', '4', '22', '7'),
( '6', '44', '6', '9'),
( '20', '9', '6', '9'),
( '12', '63', '31', '24'),
( '15', '4', '13', '35'),
( '3', '34', '30', '27'),
( '17', '67', '2', '8'),
( '22', '14', '4', '3'),
( '15', '4', '3', '1'),
( '6', '44', '14', '22'),
( '12', '63', '22', '7'),
( '8', '19', '2', '8'),
( '16', '56', '18', '39'),
( '14', '17', '17', '16'),
( '2', '26', '13', '35'),
( '9', '74', '5', '20'),
( '14', '17', '31', '24'),
( '12', '63', '2', '8'),
( '16', '56', '5', '20'),
( '20', '41', '17', '16'),
( '14', '17', '29', '19'),
( '6', '44', '8', '30'),
( '1', '53', '14', '22'),
( '11', '13', '6', '9'),
( '8', '19', '7', '14'),
( '3', '34', '16', '33'),
( '10', '58', '32', '11'),
( '2', '15', '7', '14'),
( '19', '29', '17', '16'),
( '17', '12', '26', '2'),
( '14', '17', '2', '8'),
( '22', '14', '25', '28'),
( '18', '11', '16', '33'),
( '22', '14', '21', '23'),
( '5', '3', '31', '24'),
( '6', '36', '5', '20'),
( '2', '26', '17', '16'),
( '22', '14', '18', '39'),
( '11', '27', '2', '8'),
( '12', '63', '25', '28'),
( '11', '27', '31', '24'),
( '17', '12', '29', '19'),
( '5', '3', '28', '5'),
( '3', '61', '6', '9'),
( '15', '4', '10', '25'),
( '3', '50', '29', '19'),
( '22', '14', '31', '24'),
( '17', '12', '31', '24'),
( '14', '17', '31', '24'),
( '15', '59', '30', '27'),
( '22', '14', '1', '38'),
( '10', '58', '16', '33'),
( '11', '27', '31', '24'),
( '15', '4', '34', '13'),
( '13', '47', '8', '30'),
( '20', '41', '30', '27'),
( '6', '36', '13', '35'),
( '20', '9', '13', '35'),
( '21', '62', '21', '23'),
( '14', '17', '1', '38'),
( '22', '14', '29', '19'),
( '4', '65', '17', '16'),
( '16', '56', '32', '11'),
( '15', '4', '19', '15'),
( '13', '66', '21', '23'),
( '11', '13', '8', '30'),
( '1', '52', '6', '9'),
( '10', '58', '31', '24'),
( '12', '49', '21', '23'),
( '2', '15', '5', '20'),
( '21', '62', '25', '28'),
( '6', '44', '2', '8'),
( '5', '3', '1', '38'),
( '8', '23', '31', '24'),
( '20', '5', '2', '8'),
( '12', '45', '7', '14'),
( '19', '29', '16', '33'),
( '5', '3', '12', '21'),
( '15', '4', '1', '38'),
( '6', '36', '31', '24'),
( '2', '15', '31', '24'),
( '20', '9', '31', '24'),
( '11', '35', '17', '16'),
( '21', '22', '14', '22'),
( '6', '36', '23', '26'),
( '17', '12', '18', '39'),
( '9', '74', '31', '24'),
( '16', '56', '23', '26'),
( '20', '5', '26', '2'),
( '22', '14', '16', '33'),
( '13', '25', '34', '13'),
( '20', '9', '31', '24'),
( '9', '74', '18', '39'),
( '5', '3', '7', '14'),
( '5', '3', '4', '3'),
( '2', '15', '31', '24'),
( '19', '29', '10', '25'),
( '22', '14', '31', '24'),
( '21', '43', '6', '9'),
( '1', '52', '25', '28'),
( '8', '23', '3', '1'),
( '10', '58', '26', '2'),
( '11', '27', '25', '28'),
( '18', '11', '1', '38'),
( '18', '11', '7', '14'),
( '11', '27', '29', '19'),
( '18', '11', '31', '24'),
( '7', '24', '26', '2'),
( '18', '11', '18', '39'),
( '13', '66', '31', '24'),
( '8', '16', '30', '27'),
( '13', '66', '31', '24'),
( '19', '29', '26', '2'),
( '8', '23', '1', '38'),
( '15', '46', '25', '28'),
( '12', '63', '18', '39'),
( '1', '68', '17', '16'),
( '22', '20', '2', '8'),
( '19', '29', '28', '5'),
( '22', '14', '3', '1'),
( '2', '15', '31', '24'),
( '4', '55', '7', '14'),
( '18', '11', '31', '24'),
( '14', '17', '19', '15'),
( '2', '15', '12', '21'),
( '2', '15', '26', '2'),
( '16', '56', '31', '24'),
( '9', '74', '22', '7'),
( '4', '54', '32', '11'),
( '9', '74', '13', '35'),
( '19', '29', '22', '7'),
( '22', '14', '5', '20'),
( '13', '66', '31', '24'),
( '8', '23', '23', '26'),
( '12', '63', '13', '35'),
( '20', '9', '28', '5'),
( '18', '11', '10', '25'),
( '11', '27', '31', '24'),
( '3', '61', '32', '11'),
( '14', '17', '7', '14'),
( '9', '74', '16', '33'),
( '1', '52', '29', '19'),
( '2', '15', '6', '9'),
( '6', '36', '34', '13'),
( '15', '4', '31', '24'),
( '1', '52', '34', '13'),
( '17', '12', '16', '33'),
( '15', '4', '28', '5'),
( '13', '25', '19', '15'),
( '4', '54', '6', '9'),
( '9', '74', '19', '15'),
( '19', '29', '31', '24'),
( '16', '39', '14', '22'),
( '20', '9', '29', '19'),
( '11', '35', '14', '22'),
( '15', '4', '31', '24'),
( '7', '24', '31', '24'),
( '2', '15', '18', '39'),
( '2', '15', '4', '3'),
( '17', '12', '6', '9');
INSERT INTO `responses` (`response_ID`, `question_id`, `id`, `recipient_ID`, `survey_ID`) VALUES
( '3', '50', '10', '25'),
( '1', '52', '18', '39'),
( '12', '63', '16', '33'),
( '3', '50', '4', '3'),
( '9', '74', '4', '3'),
( '8', '23', '28', '5'),
( '21', '62', '29', '19'),
( '19', '29', '1', '38'),
( '8', '23', '29', '19'),
( '17', '12', '31', '24'),
( '15', '46', '14', '22'),
( '7', '24', '19', '15'),
( '13', '66', '3', '1'),
( '6', '36', '22', '7'),
( '19', '29', '5', '20'),
( '8', '23', '13', '35'),
( '10', '58', '18', '39'),
( '5', '3', '16', '33'),
( '10', '58', '22', '7'),
( '18', '11', '4', '3'),
( '2', '31', '30', '27'),
( '20', '41', '8', '30'),
( '7', '24', '31', '24'),
( '21', '62', '19', '15'),
( '17', '12', '5', '20'),
( '20', '9', '3', '1'),
( '12', '63', '1', '38'),
( '18', '11', '28', '5'),
( '7', '24', '4', '3'),
( '11', '27', '12', '21'),
( '9', '74', '10', '25'),
( '2', '15', '3', '1'),
( '9', '30', '14', '22'),
( '16', '10', '13', '35'),
( '18', '11', '8', '30'),
( '3', '50', '19', '15'),
( '18', '11', '29', '19'),
( '19', '29', '2', '8'),
( '5', '3', '31', '24'),
( '13', '66', '29', '19'),
( '10', '58', '19', '15'),
( '11', '27', '16', '33'),
( '5', '3', '31', '24'),
( '14', '17', '31', '24'),
( '13', '66', '12', '21'),
( '7', '24', '18', '39'),
( '8', '16', '34', '13'),
( '16', '56', '31', '24'),
( '4', '54', '29', '19'),
( '12', '63', '8', '30'),
( '11', '27', '23', '26'),
( '5', '28', '30', '27'),
( '15', '4', '5', '20'),
( '3', '34', '8', '30'),
( '4', '54', '19', '15'),
( '14', '17', '3', '1'),
( '4', '55', '14', '22'),
( '1', '52', '31', '24'),
( '21', '22', '30', '27'),
( '15', '4', '23', '26'),
( '8', '23', '31', '24'),
( '7', '24', '21', '23'),
( '2', '15', '16', '33'),
( '8', '23', '4', '3'),
( '14', '17', '16', '33'),
( '4', '55', '13', '35'),
( '11', '27', '22', '7'),
( '1', '52', '26', '2'),
( '21', '62', '2', '8'),
( '8', '23', '16', '33'),
( '7', '72', '17', '16'),
( '6', '36', '32', '11'),
( '10', '58', '12', '21'),
( '5', '3', '14', '22'),
( '1', '52', '16', '33'),
( '12', '63', '10', '25'),
( '14', '18', '14', '22'),
( '20', '5', '25', '28'),
( '9', '74', '8', '30'),
( '21', '62', '31', '24'),
( '21', '43', '8', '30'),
( '20', '9', '32', '11'),
( '5', '3', '22', '7'),
( '4', '55', '30', '27'),
( '17', '12', '25', '28'),
( '9', '74', '31', '24'),
( '10', '58', '13', '35'),
( '13', '66', '18', '39'),
( '13', '25', '25', '28'),
( '14', '17', '12', '21'),
( '13', '66', '32', '11'),
( '9', '30', '7', '14'),
( '2', '15', '1', '38'),
( '9', '74', '1', '38'),
( '22', '14', '26', '2'),
( '10', '58', '17', '16'),
( '20', '5', '5', '20'),
( '20', '41', '14', '22'),
( '6', '36', '29', '19'),
( '19', '29', '18', '39');

-- --------------------------------------------------------

--
-- Table structure for table `survey`
--

CREATE TABLE `survey` (
  `survey_ID` varchar(15) NOT NULL,
  `recipient_ID` varchar(15) DEFAULT NULL,
  `survey_sent_date` bigint(15) NOT NULL,
  `hasresponded` tinyint(1) NOT NULL DEFAULT '0',
  `survey_response_date` bigint(15) DEFAULT NULL,
  `file_name` varchar(255) DEFAULT NULL
) ENGINE=InnoDB DEFAULT CHARSET=latin1;

--
-- Dumping data for table `survey`
--

INSERT INTO `survey` (`id`, `recipient_id`, `date_sent`, `hasresponded`, `date_responded`, `file_name`) VALUES
('1', '3', 1574938224, 1, 1574948311, 'Recommendations_For_Annor-Asare_Memorial_Clinic'),
('2', '26', 1595013808, 1, 1595140307, 'Recommendations_For_TM_Erasung_Limited'),
('3', '4', 1594642436, 1, 1594648959, 'Recommendations_For_Pro-Life_Medical_Centre'),
('4', '24', 1613470172, 0, NULL, NULL),
('5', '28', 1575970575, 1, 1575983782, 'Recommendations_For_Stewards_Hospital_and_Mortuary_Services'),
('6', '20', 1562607135, 0, NULL, NULL),
('7', '22', 1591786181, 1, 1591880693, 'Recommendations_For_Solis_Medical_Centre'),
('8', '2', 1596019615, 1, 1596020158, 'Recommendations_For_Advance_Healthcare_Limited'),
('9', '6', 1571928980, 1, 1571937737, 'Recommendations_For_Egon_German_Clinic_Limited'),
('10', '3', 1574937498, 0, NULL, NULL),
('11', '32', 1589873569, 1, 1589956418, 'Recommendations_For_Divine_Lillies_Hospital'),
('12', '9', 1592477405, 0, NULL, NULL),
('13', '34', 1566992364, 1, 1567001705, 'Recommendations_For_MSIG'),
('14', '7', 1589901196, 1, 1589904812, 'Recommendations_For_Oak_Tree_Medical_Services2'),
('15', '19', 1581675712, 1, 1581677544, 'Recommendations_For_CKC_Medical_Services'),
('16', '17', 1563437391, 1, 1563438641, 'Recommendations_For_BAB\'_MC'),
('17', '27', 1582478479, 0, NULL, NULL),
('18', '25', 1573495014, 0, NULL, NULL),
('19', '29', 1595014040, 1, 1595068085, 'Recommendations_For_Happy_Hospital'),
('20', '5', 1572870894, 1, 1572871483, 'Recommendations_For_Summerfield_Medical_Centre'),
('21', '12', 1595013598, 1, 1595016482, 'Recommendations_For_Mamudu_Health_Centre'),
('22', '14', 1563544734, 1, 1564657974, 'Recommendations_For_MSIG'),
('23', '21', 1588328675, 1, 1588337165, 'Recommendations_For_Irene_Jones-Nelson_Memorial_Clinic'),
('24', '31', 1581580082, 1, 1581615891, 'Recommendations_For_Fuo_Community_Hospital'),
('25', '10', 1613661994, 1, 1613671312, 'Recommendations_For_Emil_Hospital'),
('26', '23', 1590944149, 1, 1591684730, 'Recommendations_For_Ho_Royal_Hospital'),
('27', '30', 1590350737, 1, 1590360600, 'Recommendations_For_Charles_Attram_Medical_Centre'),
('28', '25', 1582478432, 1, 1582501716, 'Recommendations_For_Possible_Health_Services'),
('29', '15', 1589873584, 0, NULL, NULL),
('30', '8', 1582721256, 1, 1582730066, 'Recommendations_For_New_Light_Clinic'),
('31', '19', 1581487749, 0, NULL, NULL),
('32', '3', 1574854608, 0, NULL, NULL),
('33', '16', 1613830846, 1, 1613852563, 'Recommendations_For_Constant_Hospital'),
('34', '11', 1594389499, 0, NULL, NULL),
('35', '13', 1574246151, 1, 1574791328, 'Recommendations_For_Midway_Clinic_Ltd'),
('36', '33', 1598452206, 0, NULL, NULL),
('37', '31', 1581520999, 0, NULL, NULL),
('38', '1', 1586893287, 1, 1587060601, 'Recommendations_For_Kotoku_Medical_Centre'),
('39', '18', 1595014183, 1, 1595096422, 'Recommendations_For_Hajj_Abdul_Kadiris\'s_Scientific_Clinic_Limited');

-- --------------------------------------------------------

--
-- Table structure for table `user_details`
--

CREATE TABLE `user_details` (
  `user_name` varchar(150) NOT NULL,
  `user_password` varchar(255) NOT NULL,
  `user_email` text NOT NULL,
  `user_full_name` varchar(300) NOT NULL
) ENGINE=InnoDB DEFAULT CHARSET=latin1;

--
-- Dumping data for table `user_details`
--

INSERT INTO `user_details` (`user_name`, `user_password`, `user_email`, `user_full_name`) VALUES
('admin', '$2y$10$7pUR/ujW4YnroQ7CHZBL1upVRQbeIUwMqLSXA5PoPOyaElGod1bcW', 'nanaakuffu@gmail.com', 'Nana Baah Akuffu'),
('Bonifacia', '$2y$10$7pUR/ujW4YnroQ7CHZBL1upVRQbeIUwMqLSXA5PoPOyaElGod1bcW', 'b.agyei@pharmaccess.org', 'Bonifacia Benefo Agyei'),
('Gabriel Fiadorme', '$2y$10$kYKh7LxQQyd9Fl9ktNQ48eketCmMzoajJLSks8PbVqky4I0UV2KDy', 'g.fiadorme@pharmaccess.org', 'Gabriel Korshi Fiadorme');

--
-- Indexes for dumped tables
--

--
-- Indexes for table `answers`
--
ALTER TABLE `answers`
  ADD PRIMARY KEY (`id`),
  ADD KEY `question_id` (`question_id`);

--
-- Indexes for table `login_details`
--
ALTER TABLE `login_details`
  ADD PRIMARY KEY (`login_id`),
  ADD KEY `user_name` (`user_name`);

--
-- Indexes for table `questions`
--
ALTER TABLE `questions`
  ADD PRIMARY KEY (`question_id`);

--
-- Indexes for table `recipients`
--
ALTER TABLE `recipients`
  ADD PRIMARY KEY (`recipient_id`);

--
-- Indexes for table `responses`
--
ALTER TABLE `responses`
  ADD PRIMARY KEY (`response_ID`),
  ADD KEY `question_id` (`question_id`),
  ADD KEY `id` (`id`),
  ADD KEY `recipient_ID` (`recipient_ID`),
  ADD KEY `survey_ID` (`survey_ID`);

--
-- Indexes for table `survey`
--
ALTER TABLE `survey`
  ADD PRIMARY KEY (`survey_ID`),
  ADD KEY `recipient_ID` (`recipient_ID`);

--
-- Indexes for table `user_details`
--
ALTER TABLE `user_details`
  ADD PRIMARY KEY (`user_name`);
COMMIT;

/*!40101 SET CHARACTER_SET_CLIENT=@OLD_CHARACTER_SET_CLIENT */;
/*!40101 SET CHARACTER_SET_RESULTS=@OLD_CHARACTER_SET_RESULTS */;
/*!40101 SET COLLATION_CONNECTION=@OLD_COLLATION_CONNECTION */;
